{
    "intrinsics": {
        "focal_length": 2803.985758201512,
        "principal_point": [
            1632,
            1224
        ],
        "image_size": [
            3264,
            2448
        ],
        "distortion": 0.0224261569724562
    },
    "extrinsics": [
        {
            "image_name": "IMG_5315.JPG",
            "rotation_matrix": [
                [
                    0.9897221320036199,
                    -0.05201001631237759,
                    0.1332105837589319
                ],
                [
                    0.050446810921587454,
                    0.9986128118863906,
                    0.015085463340510715
                ],
                [
                    -0.13381039081495427,
                    -0.008210367807991588,
                    0.9909729406852675
                ]
            ],
            "translation": [
                -2.8295138912915165,
                -1.201322539524254,
                4.287890664321497
            ]
        },
        {
            "image_name": "IMG_5316.JPG",
            "rotation_matrix": [
                [
                    0.9983830521755838,
                    0.010343308458215156,
                    0.05589541214360741
                ],
                [
                    -0.010923390619985953,
                    0.999889505803715,
                    0.010082446179655459
                ],
                [
                    -0.055784950174117054,
                    -0.010676710810950202,
                    0.9983857206412412
                ]
            ],
            "translation": [
                -1.230060395657185,
                -1.3167801617645798,
                4.5995180274596095
            ]
        },
        {
            "image_name": "IMG_5318.JPG",
            "rotation_matrix": [
                [
                    0.9283692066179354,
                    0.29876806975780745,
                    -0.22106165813360523
                ],
                [
                    -0.311916625464128,
                    0.9497445859038945,
                    -0.026329456988528302
                ],
                [
                    0.20208571192109537,
                    0.0933962635196599,
                    0.9749043558205647
                ]
            ],
            "translation": [
                3.326957140012156,
                -0.48882569380743496,
                2.605308006808443
            ]
        },
        {
            "image_name": "IMG_5319.JPG",
            "rotation_matrix": [
                [
                    0.8783194779538542,
                    0.3549671883091108,
                    -0.3202392697199912
                ],
                [
                    -0.3705041028272865,
                    0.9287360198923293,
                    0.013270838055767092
                ],
                [
                    0.302128456844132,
                    0.10699392776451926,
                    0.9472437357863627
                ]
            ],
            "translation": [
                3.920841347821372,
                -0.49162162543002075,
                0.6568721001271373
            ]
        },
        {
            "image_name": "IMG_5320.JPG",
            "rotation_matrix": [
                [
                    0.9661282649017151,
                    0.1869698963496386,
                    -0.1778719584898271
                ],
                [
                    -0.1909261343059426,
                    0.9815904438428558,
                    -0.005235627505337872
                ],
                [
                    0.17361850994922903,
                    0.03901869315329354,
                    0.9840397118956219
                ]
            ],
            "translation": [
                1.2102912598625424,
                -0.43326284089254125,
                0.7776165123264775
            ]
        },
        {
            "image_name": "IMG_5321.JPG",
            "rotation_matrix": [
                [
                    0.9792761162944287,
                    0.1637930013744598,
                    -0.1191223772263085
                ],
                [
                    -0.19051175510941565,
                    0.9445756242543926,
                    -0.26736148045212993
                ],
                [
                    0.06872815449603428,
                    0.28451492538208045,
                    0.9562048410327143
                ]
            ],
            "translation": [
                0.6404041675041954,
                2.137545844418454,
                0.13610881370737896
            ]
        },
        {
            "image_name": "IMG_5322.JPG",
            "rotation_matrix": [
                [
                    0.9951003845482322,
                    0.0783482619719752,
                    -0.060305675669301756
                ],
                [
                    -0.08772910914702953,
                    0.9809834019311631,
                    -0.17313338367810743
                ],
                [
                    0.04559416717332215,
                    0.17757565987919888,
                    0.9830503837231529
                ]
            ],
            "translation": [
                -1.3441834825731103,
                0.729498259147968,
                0.005356485990000085
            ]
        },
        {
            "image_name": "IMG_5323.JPG",
            "rotation_matrix": [
                [
                    0.9999996133717823,
                    -0.0003556868193909322,
                    -0.0008042034396390493
                ],
                [
                    0.0003543824712658193,
                    0.999998622616105,
                    -0.0016214743158331226
                ],
                [
                    0.000804779068984306,
                    0.0016211886933230582,
                    0.999998362037594
                ]
            ],
            "translation": [
                -2.3139083136222114,
                -1.4247042572030908,
                0.01053436414602235
            ]
        },
        {
            "image_name": "IMG_5324.JPG",
            "rotation_matrix": [
                [
                    0.991169402111516,
                    0.07053098693561159,
                    -0.11228800559181878
                ],
                [
                    -0.08368536136988027,
                    0.9895870273416164,
                    -0.11710796561112143
                ],
                [
                    0.10285901326715269,
                    0.1254706945827257,
                    0.9867507933569833
                ]
            ],
            "translation": [
                -1.1296967003036105,
                0.3262050653414358,
                3.2897640720623915
            ]
        },
        {
            "image_name": "IMG_5325.JPG",
            "rotation_matrix": [
                [
                    0.9934980603584569,
                    0.08583869230720563,
                    -0.07478852162579978
                ],
                [
                    -0.08586121002116658,
                    0.996302828418297,
                    0.0029200512670977097
                ],
                [
                    0.07476266901124497,
                    0.0035203676924765235,
                    0.9971951415513539
                ]
            ],
            "translation": [
                -0.7666937137887128,
                -0.9108681206672202,
                6.823892798034462
            ]
        },
        {
            "image_name": "IMG_5326.JPG",